"","commarea","geoid10","community"
"1","44","17031842400","CHATHAM"
"2","59","17031840300","MCKINLEY PARK"
"3","34","17031841100","ARMOUR SQUARE"
"4","31","17031841200","LOWER WEST SIDE"
"5","32","17031839000","LOOP"
"6","28","17031838200","NEAR WEST SIDE"
"7","65","17031650301","WEST LAWN"
"8","53","17031530503","WEST PULLMAN"
"9","76","17031760803","OHARE"
"10","77","17031030601","EDGEWATER"
"11","77","17031030604","EDGEWATER"
"12","2","17031020801","WEST RIDGE"
"13","54","17031540102","RIVERDALE"
"14","29","17031843300","NORTH LAWNDALE"
"15","54","17031540101","RIVERDALE"
"16","44","17031440201","CHATHAM"
"17","8","17031080202","NEAR NORTH SIDE"
"18","7","17031070102","LINCOLN PARK"
"19","3","17031031501","UPTOWN"
"20","3","17031031502","UPTOWN"
"21","67","17031834900","WEST ENGLEWOOD"
"22","68","17031834800","ENGLEWOOD"
"23","16","17031160502","IRVING PARK"
"24","14","17031140702","ALBANY PARK"
"25","35","17031842000","DOUGLAS"
"26","15","17031150402","PORTAGE PARK"
"27","42","17031834400","WOODLAWN"
"28","4","17031040201","LINCOLN SQUARE"
"29","4","17031040202","LINCOLN SQUARE"
"30","2","17031020702","WEST RIDGE"
"31","2","17031020802","WEST RIDGE"
"32","2","17031020301","WEST RIDGE"
"33","29","17031838700","NORTH LAWNDALE"
"34","2","17031020601","WEST RIDGE"
"35","29","17031841500","NORTH LAWNDALE"
"36","29","17031838600","NORTH LAWNDALE"
"37","27","17031837300","EAST GARFIELD PARK"
"38","2","17031020602","WEST RIDGE"
"39","6","17031063301","LAKE VIEW"
"40","28","17031837800","NEAR WEST SIDE"
"41","27","17031837400","EAST GARFIELD PARK"
"42","27","17031836900","EAST GARFIELD PARK"
"43","2","17031020302","WEST RIDGE"
"44","2","17031020902","WEST RIDGE"
"45","1","17031010701","ROGERS PARK"
"46","77","17031030103","EDGEWATER"
"47","6","17031063303","LAKE VIEW"
"48","77","17031030102","EDGEWATER"
"49","1","17031010502","ROGERS PARK"
"50","1","17031010503","ROGERS PARK"
"51","1","17031010702","ROGERS PARK"
"52","27","17031837100","EAST GARFIELD PARK"
"53","27","17031837000","EAST GARFIELD PARK"
"54","1","17031010201","ROGERS PARK"
"55","2","17031020901","WEST RIDGE"
"56","4","17031040401","LINCOLN SQUARE"
"57","21","17031210602","AVONDALE"
"58","16","17031160501","IRVING PARK"
"59","19","17031191302","BELMONT CRAGIN"
"60","19","17031190602","BELMONT CRAGIN"
"61","60","17031840200","BRIDGEPORT"
"62","53","17031530501","WEST PULLMAN"
"63","2","17031020701","WEST RIDGE"
"64","25","17031831400","AUSTIN"
"65","25","17031831300","AUSTIN"
"66","1","17031010501","ROGERS PARK"
"67","28","17031833000","NEAR WEST SIDE"
"68","76","17031760801","OHARE"
"69","25","17031252101","AUSTIN"
"70","25","17031252102","AUSTIN"
"71","25","17031252202","AUSTIN"
"72","22","17031220601","LOGAN SQUARE"
"73","21","17031210502","AVONDALE"
"74","22","17031220602","LOGAN SQUARE"
"75","22","17031220901","LOGAN SQUARE"
"76","22","17031220902","LOGAN SQUARE"
"77","20","17031200401","HERMOSA"
"78","20","17031200402","HERMOSA"
"79","19","17031191301","BELMONT CRAGIN"
"80","19","17031190601","BELMONT CRAGIN"
"81","19","17031190701","BELMONT CRAGIN"
"82","19","17031190702","BELMONT CRAGIN"
"83","19","17031190401","BELMONT CRAGIN"
"84","19","17031190402","BELMONT CRAGIN"
"85","6","17031832100","LAKE VIEW"
"86","61","17031843800","NEW CITY"
"87","58","17031842800","BRIGHTON PARK"
"88","35","17031351500","DOUGLAS"
"89","56","17031980100","GARFIELD RIDGE"
"90","28","17031833300","NEAR WEST SIDE"
"91","28","17031832900","NEAR WEST SIDE"
"92","28","17031838000","NEAR WEST SIDE"
"93","28","17031838100","NEAR WEST SIDE"
"94","77","17031030706","EDGEWATER"
"95","38","17031381500","GRAND BOULEVARD"
"96","28","17031833100","NEAR WEST SIDE"
"97","32","17031839100","LOOP"
"98","8","17031081201","NEAR NORTH SIDE"
"99","15","17031150401","PORTAGE PARK"
"100","15","17031150501","PORTAGE PARK"
"101","29","17031843000","NORTH LAWNDALE"
"102","28","17031842900","NEAR WEST SIDE"
"103","23","17031842100","HUMBOLDT PARK"
"104","28","17031841900","NEAR WEST SIDE"
"105","8","17031080201","NEAR NORTH SIDE"
"106","7","17031070101","LINCOLN PARK"
"107","8","17031081202","NEAR NORTH SIDE"
"108","4","17031040402","LINCOLN SQUARE"
"109","22","17031220702","LOGAN SQUARE"
"110","14","17031140301","ALBANY PARK"
"111","8","17031842200","NEAR NORTH SIDE"
"112","5","17031843700","NORTH CENTER"
"113","66","17031835000","CHICAGO LAWN"
"114","24","17031842300","WEST TOWN"
"115","23","17031230200","HUMBOLDT PARK"
"116","63","17031835100","GAGE PARK"
"117","68","17031834700","ENGLEWOOD"
"118","15","17031151001","PORTAGE PARK"
"119","15","17031151002","PORTAGE PARK"
"120","16","17031160602","IRVING PARK"
"121","14","17031140601","ALBANY PARK"
"122","14","17031140701","ALBANY PARK"
"123","14","17031140602","ALBANY PARK"
"124","39","17031390500","KENWOOD"
"125","69","17031841800","GREATER GRAND CROSSING"
"126","69","17031842500","GREATER GRAND CROSSING"
"127","61","17031842600","NEW CITY"
"128","30","17031843500","SOUTH LAWNDALE"
"129","29","17031843400","NORTH LAWNDALE"
"130","14","17031140302","ALBANY PARK"
"131","11","17031110501","JEFFERSON PARK"
"132","39","17031390400","KENWOOD"
"133","31","17031843200","LOWER WEST SIDE"
"134","30","17031840800","SOUTH LAWNDALE"
"135","11","17031110502","JEFFERSON PARK"
"136","76","17031760802","OHARE"
"137","15","17031150502","PORTAGE PARK"
"138","29","17031843100","NORTH LAWNDALE"
"139","45","17031834300","AVALON PARK"
"140","42","17031843900","WOODLAWN"
"141","20","17031831200","HERMOSA"
"142","18","17031831600","MONTCLARE"
"143","19","17031831500","BELMONT CRAGIN"
"144","21","17031831100","AVONDALE"
"145","15","17031831700","PORTAGE PARK"
"146","27","17031271500","EAST GARFIELD PARK"
"147","44","17031440202","CHATHAM"
"148","44","17031440102","CHATHAM"
"149","43","17031430102","SOUTH SHORE"
"150","77","17031030702","EDGEWATER"
"151","77","17031030603","EDGEWATER"
"152","77","17031030701","EDGEWATER"
"153","41","17031836300","HYDE PARK"
"154","8","17031838300","NEAR NORTH SIDE"
"155","60","17031839800","BRIDGEPORT"
"156","23","17031836600","HUMBOLDT PARK"
"157","73","17031730202","WASHINGTON HEIGHTS"
"158","43","17031430101","SOUTH SHORE"
"159","6","17031063302","LAKE VIEW"
"160","41","17031836200","HYDE PARK"
"161","7","17031071400","LINCOLN PARK"
"162","60","17031840100","BRIDGEPORT"
"163","58","17031580502","BRIGHTON PARK"
"164","29","17031841400","NORTH LAWNDALE"
"165","8","17031081401","NEAR NORTH SIDE"
"166","8","17031081403","NEAR NORTH SIDE"
"167","77","17031030703","EDGEWATER"
"168","38","17031836000","GRAND BOULEVARD"
"169","38","17031835800","GRAND BOULEVARD"
"170","38","17031835900","GRAND BOULEVARD"
"171","40","17031834500","WASHINGTON PARK"
"172","38","17031843600","GRAND BOULEVARD"
"173","58","17031580501","BRIGHTON PARK"
"174","68","17031834600","ENGLEWOOD"
"175","13","17031831800","NORTH PARK"
"176","7","17031071600","LINCOLN PARK"
"177","7","17031832600","LINCOLN PARK"
"178","6","17031061901","LAKE VIEW"
"179","60","17031839900","BRIDGEPORT"
"180","77","17031030104","EDGEWATER"
"181","76","17031770602","OHARE"
"182","60","17031839700","BRIDGEPORT"
"183","56","17031835200","GARFIELD RIDGE"
"184","46","17031833900","SOUTH CHICAGO"
"185","27","17031836800","EAST GARFIELD PARK"
"186","51","17031838800","SOUTH DEERING"
"187","23","17031836700","HUMBOLDT PARK"
"188","22","17031832200","LOGAN SQUARE"
"189","25","17031252201","AUSTIN"
"190","22","17031831000","LOGAN SQUARE"
"191","22","17031832400","LOGAN SQUARE"
"192","7","17031070103","LINCOLN PARK"
"193","22","17031220701","LOGAN SQUARE"
"194","29","17031841600","NORTH LAWNDALE"
"195","76","17031770902","OHARE"
"196","66","17031660301","CHICAGO LAWN"
"197","66","17031660302","CHICAGO LAWN"
"198","30","17031301802","SOUTH LAWNDALE"
"199","49","17031834000","ROSELAND"
"200","43","17031834200","SOUTH SHORE"
"201","73","17031730201","WASHINGTON HEIGHTS"
"202","37","17031835500","FULLER PARK"
"203","35","17031839500","DOUGLAS"
"204","35","17031839200","DOUGLAS"
"205","53","17031530502","WEST PULLMAN"
"206","59","17031840400","MCKINLEY PARK"
"207","33","17031841000","NEAR SOUTH SIDE"
"208","77","17031030101","EDGEWATER"
"209","70","17031700302","ASHBURN"
"210","70","17031700402","ASHBURN"
"211","70","17031700401","ASHBURN"
"212","30","17031830500","SOUTH LAWNDALE"
"213","30","17031841700","SOUTH LAWNDALE"
"214","64","17031640100","CLEARING"
"215","30","17031840700","SOUTH LAWNDALE"
"216","31","17031841300","LOWER WEST SIDE"
"217","30","17031301801","SOUTH LAWNDALE"
"218","6","17031060800","LAKE VIEW"
"219","22","17031832300","LOGAN SQUARE"
"220","7","17031832500","LINCOLN PARK"
"221","6","17031832000","LAKE VIEW"
"222","16","17031160601","IRVING PARK"
"223","21","17031210501","AVONDALE"
"224","21","17031210601","AVONDALE"
"225","8","17031081300","NEAR NORTH SIDE"
"226","70","17031700502","ASHBURN"
"227","40","17031836100","WASHINGTON PARK"
"228","38","17031835700","GRAND BOULEVARD"
"229","6","17031061100","LAKE VIEW"
"230","36","17031836400","OAKLAND"
"231","36","17031836500","OAKLAND"
"232","35","17031839600","DOUGLAS"
"233","60","17031840000","BRIDGEPORT"
"234","37","17031835600","FULLER PARK"
"235","4","17031830800","LINCOLN SQUARE"
"236","46","17031460301","SOUTH CHICAGO"
"237","30","17031301701","SOUTH LAWNDALE"
"238","31","17031310400","LOWER WEST SIDE"
"239","53","17031530100","WEST PULLMAN"
"240","8","17031081100","NEAR NORTH SIDE"
"241","15","17031150700","PORTAGE PARK"
"242","30","17031301702","SOUTH LAWNDALE"
"243","70","17031700301","ASHBURN"
"244","49","17031490902","ROSELAND"
"245","6","17031061800","LAKE VIEW"
"246","49","17031490901","ROSELAND"
"247","65","17031650302","WEST LAWN"
"248","6","17031831900","LAKE VIEW"
"249","1","17031830600","ROGERS PARK"
"250","22","17031830900","LOGAN SQUARE"
"251","3","17031830700","UPTOWN"
"252","30","17031300900","SOUTH LAWNDALE"
"253","70","17031700501","ASHBURN"
"254","46","17031460302","SOUTH CHICAGO"
"255","43","17031431302","SOUTH SHORE"
"256","22","17031222900","LOGAN SQUARE"
"257","43","17031431301","SOUTH SHORE"
"258","44","17031440101","CHATHAM"
"259","30","17031301803","SOUTH LAWNDALE"
"260","31","17031310200","LOWER WEST SIDE"
"261","31","17031310300","LOWER WEST SIDE"
"262","31","17031310500","LOWER WEST SIDE"
"263","51","17031510300","SOUTH DEERING"
"264","49","17031491400","ROSELAND"
"265","50","17031500200","PULLMAN"
"266","53","17031530200","WEST PULLMAN"
"267","74","17031740100","MOUNT GREENWOOD"
"268","14","17031140500","ALBANY PARK"
"269","14","17031140800","ALBANY PARK"
"270","30","17031301100","SOUTH LAWNDALE"
"271","15","17031150200","PORTAGE PARK"
"272","15","17031150300","PORTAGE PARK"
"273","30","17031301200","SOUTH LAWNDALE"
"274","74","17031740400","MOUNT GREENWOOD"
"275","2","17031020400","WEST RIDGE"
"276","64","17031640300","CLEARING"
"277","64","17031640600","CLEARING"
"278","1","17031010400","ROGERS PARK"
"279","7","17031071800","LINCOLN PARK"
"280","16","17031160300","IRVING PARK"
"281","31","17031310700","LOWER WEST SIDE"
"282","7","17031071500","LINCOLN PARK"
"283","7","17031071700","LINCOLN PARK"
"284","67","17031671200","WEST ENGLEWOOD"
"285","67","17031670500","WEST ENGLEWOOD"
"286","67","17031670600","WEST ENGLEWOOD"
"287","67","17031670700","WEST ENGLEWOOD"
"288","67","17031670800","WEST ENGLEWOOD"
"289","67","17031670900","WEST ENGLEWOOD"
"290","67","17031671100","WEST ENGLEWOOD"
"291","67","17031671300","WEST ENGLEWOOD"
"292","67","17031671400","WEST ENGLEWOOD"
"293","67","17031671500","WEST ENGLEWOOD"
"294","67","17031671600","WEST ENGLEWOOD"
"295","67","17031670100","WEST ENGLEWOOD"
"296","23","17031230500","HUMBOLDT PARK"
"297","23","17031230600","HUMBOLDT PARK"
"298","24","17031240600","WEST TOWN"
"299","24","17031241000","WEST TOWN"
"300","19","17031191000","BELMONT CRAGIN"
"301","8","17031080300","NEAR NORTH SIDE"
"302","30","17031300800","SOUTH LAWNDALE"
"303","65","17031650200","WEST LAWN"
"304","66","17031660500","CHICAGO LAWN"
"305","22","17031221400","LOGAN SQUARE"
"306","16","17031161000","IRVING PARK"
"307","34","17031340600","ARMOUR SQUARE"
"308","24","17031240500","WEST TOWN"
"309","24","17031240700","WEST TOWN"
"310","24","17031240800","WEST TOWN"
"311","24","17031240900","WEST TOWN"
"312","24","17031241100","WEST TOWN"
"313","19","17031190300","BELMONT CRAGIN"
"314","19","17031190800","BELMONT CRAGIN"
"315","19","17031190900","BELMONT CRAGIN"
"316","19","17031191100","BELMONT CRAGIN"
"317","19","17031191200","BELMONT CRAGIN"
"318","8","17031080100","NEAR NORTH SIDE"
"319","8","17031080400","NEAR NORTH SIDE"
"320","8","17031081000","NEAR NORTH SIDE"
"321","15","17031150600","PORTAGE PARK"
"322","30","17031301600","SOUTH LAWNDALE"
"323","2","17031020500","WEST RIDGE"
"324","53","17031821402","WEST PULLMAN"
"325","75","17031750300","MORGAN PARK"
"326","64","17031640800","CLEARING"
"327","75","17031750100","MORGAN PARK"
"328","74","17031740200","MOUNT GREENWOOD"
"329","65","17031650400","WEST LAWN"
"330","65","17031650500","WEST LAWN"
"331","66","17031660600","CHICAGO LAWN"
"332","22","17031221100","LOGAN SQUARE"
"333","22","17031221300","LOGAN SQUARE"
"334","22","17031221500","LOGAN SQUARE"
"335","2","17031020100","WEST RIDGE"
"336","22","17031221600","LOGAN SQUARE"
"337","16","17031160800","IRVING PARK"
"338","16","17031160900","IRVING PARK"
"339","22","17031222800","LOGAN SQUARE"
"340","16","17031161100","IRVING PARK"
"341","16","17031161200","IRVING PARK"
"342","16","17031161300","IRVING PARK"
"343","65","17031650100","WEST LAWN"
"344","33","17031330200","NEAR SOUTH SIDE"
"345","42","17031420600","WOODLAWN"
"346","42","17031420700","WOODLAWN"
"347","66","17031661000","CHICAGO LAWN"
"348","75","17031823304","MORGAN PARK"
"349","1","17031010100","ROGERS PARK"
"350","23","17031230300","HUMBOLDT PARK"
"351","64","17031640400","CLEARING"
"352","64","17031640500","CLEARING"
"353","64","17031640700","CLEARING"
"354","15","17031151200","PORTAGE PARK"
"355","31","17031310800","LOWER WEST SIDE"
"356","66","17031660400","CHICAGO LAWN"
"357","67","17031670400","WEST ENGLEWOOD"
"358","34","17031340400","ARMOUR SQUARE"
"359","42","17031420800","WOODLAWN"
"360","42","17031421200","WOODLAWN"
"361","66","17031661100","CHICAGO LAWN"
"362","22","17031222500","LOGAN SQUARE"
"363","19","17031190200","BELMONT CRAGIN"
"364","39","17031390600","KENWOOD"
"365","1","17031010300","ROGERS PARK"
"366","1","17031010600","ROGERS PARK"
"367","2","17031020200","WEST RIDGE"
"368","15","17031150800","PORTAGE PARK"
"369","15","17031151100","PORTAGE PARK"
"370","23","17031230100","HUMBOLDT PARK"
"371","16","17031160100","IRVING PARK"
"372","16","17031160200","IRVING PARK"
"373","16","17031160400","IRVING PARK"
"374","31","17031310600","LOWER WEST SIDE"
"375","31","17031310900","LOWER WEST SIDE"
"376","32","17031320400","LOOP"
"377","6","17031061500","LAKE VIEW"
"378","32","17031320600","LOOP"
"379","74","17031740300","MOUNT GREENWOOD"
"380","66","17031660700","CHICAGO LAWN"
"381","22","17031222700","LOGAN SQUARE"
"382","22","17031221200","LOGAN SQUARE"
"383","16","17031160700","IRVING PARK"
"384","22","17031222200","LOGAN SQUARE"
"385","34","17031340500","ARMOUR SQUARE"
"386","33","17031330100","NEAR SOUTH SIDE"
"387","34","17031340300","ARMOUR SQUARE"
"388","35","17031350400","DOUGLAS"
"389","75","17031750500","MORGAN PARK"
"390","75","17031750400","MORGAN PARK"
"391","75","17031750200","MORGAN PARK"
"392","43","17031430200","SOUTH SHORE"
"393","66","17031660800","CHICAGO LAWN"
"394","66","17031660900","CHICAGO LAWN"
"395","67","17031670200","WEST ENGLEWOOD"
"396","67","17031670300","WEST ENGLEWOOD"
"397","22","17031222600","LOGAN SQUARE"
"398","23","17031230400","HUMBOLDT PARK"
"399","17","17031170400","DUNNING"
"400","38","17031380700","GRAND BOULEVARD"
"401","38","17031381900","GRAND BOULEVARD"
"402","39","17031390200","KENWOOD"
"403","17","17031171000","DUNNING"
"404","18","17031180100","MONTCLARE"
"405","39","17031390300","KENWOOD"
"406","39","17031390700","KENWOOD"
"407","40","17031400300","WASHINGTON PARK"
"408","40","17031400400","WASHINGTON PARK"
"409","40","17031400500","WASHINGTON PARK"
"410","40","17031400800","WASHINGTON PARK"
"411","41","17031410100","HYDE PARK"
"412","44","17031440300","CHATHAM"
"413","44","17031440700","CHATHAM"
"414","43","17031430800","SOUTH SHORE"
"415","67","17031671800","WEST ENGLEWOOD"
"416","68","17031680500","ENGLEWOOD"
"417","68","17031681100","ENGLEWOOD"
"418","20","17031200100","HERMOSA"
"419","41","17031410200","HYDE PARK"
"420","68","17031680600","ENGLEWOOD"
"421","17","17031170600","DUNNING"
"422","38","17031380500","GRAND BOULEVARD"
"423","38","17031381700","GRAND BOULEVARD"
"424","43","17031430300","SOUTH SHORE"
"425","43","17031430700","SOUTH SHORE"
"426","43","17031430900","SOUTH SHORE"
"427","43","17031431200","SOUTH SHORE"
"428","43","17031431400","SOUTH SHORE"
"429","23","17031230800","HUMBOLDT PARK"
"430","23","17031231100","HUMBOLDT PARK"
"431","17","17031170900","DUNNING"
"432","21","17031210100","AVONDALE"
"433","42","17031420200","WOODLAWN"
"434","42","17031420300","WOODLAWN"
"435","44","17031440600","CHATHAM"
"436","44","17031440800","CHATHAM"
"437","44","17031440900","CHATHAM"
"438","56","17031560400","GARFIELD RIDGE"
"439","45","17031450300","AVALON PARK"
"440","67","17031671900","WEST ENGLEWOOD"
"441","67","17031672000","WEST ENGLEWOOD"
"442","68","17031680900","ENGLEWOOD"
"443","68","17031681000","ENGLEWOOD"
"444","24","17031240200","WEST TOWN"
"445","24","17031240300","WEST TOWN"
"446","20","17031200200","HERMOSA"
"447","41","17031410500","HYDE PARK"
"448","41","17031410600","HYDE PARK"
"449","17","17031170100","DUNNING"
"450","17","17031170200","DUNNING"
"451","17","17031170300","DUNNING"
"452","38","17031381800","GRAND BOULEVARD"
"453","17","17031170500","DUNNING"
"454","35","17031351400","DOUGLAS"
"455","38","17031381200","GRAND BOULEVARD"
"456","38","17031381400","GRAND BOULEVARD"
"457","39","17031390100","KENWOOD"
"458","43","17031430400","SOUTH SHORE"
"459","43","17031430500","SOUTH SHORE"
"460","43","17031430600","SOUTH SHORE"
"461","23","17031230700","HUMBOLDT PARK"
"462","23","17031230900","HUMBOLDT PARK"
"463","23","17031231200","HUMBOLDT PARK"
"464","17","17031170700","DUNNING"
"465","17","17031170800","DUNNING"
"466","17","17031171100","DUNNING"
"467","19","17031190100","BELMONT CRAGIN"
"468","24","17031242200","WEST TOWN"
"469","20","17031200300","HERMOSA"
"470","21","17031210400","AVONDALE"
"471","22","17031220300","LOGAN SQUARE"
"472","21","17031210700","AVONDALE"
"473","21","17031210800","AVONDALE"
"474","21","17031210900","AVONDALE"
"475","42","17031420100","WOODLAWN"
"476","42","17031420400","WOODLAWN"
"477","42","17031420500","WOODLAWN"
"478","69","17031691300","GREATER GRAND CROSSING"
"479","3","17031031700","UPTOWN"
"480","47","17031470100","BURNSIDE"
"481","48","17031480100","CALUMET HEIGHTS"
"482","69","17031691000","GREATER GRAND CROSSING"
"483","24","17031242300","WEST TOWN"
"484","41","17031411100","HYDE PARK"
"485","46","17031460400","SOUTH CHICAGO"
"486","68","17031681200","ENGLEWOOD"
"487","69","17031690500","GREATER GRAND CROSSING"
"488","24","17031241400","WEST TOWN"
"489","24","17031241500","WEST TOWN"
"490","24","17031241600","WEST TOWN"
"491","24","17031242000","WEST TOWN"
"492","24","17031243300","WEST TOWN"
"493","49","17031491200","ROSELAND"
"494","48","17031480300","CALUMET HEIGHTS"
"495","71","17031710800","AUBURN GRESHAM"
"496","71","17031711300","AUBURN GRESHAM"
"497","1","17031010202","ROGERS PARK"
"498","48","17031480200","CALUMET HEIGHTS"
"499","48","17031480400","CALUMET HEIGHTS"
"500","48","17031480500","CALUMET HEIGHTS"
"501","24","17031241200","WEST TOWN"
"502","69","17031691100","GREATER GRAND CROSSING"
"503","69","17031691200","GREATER GRAND CROSSING"
"504","69","17031691400","GREATER GRAND CROSSING"
"505","5","17031051200","NORTH CENTER"
"506","69","17031691500","GREATER GRAND CROSSING"
"507","70","17031700100","ASHBURN"
"508","41","17031410700","HYDE PARK"
"509","41","17031410800","HYDE PARK"
"510","41","17031410900","HYDE PARK"
"511","41","17031411000","HYDE PARK"
"512","41","17031411200","HYDE PARK"
"513","53","17031530600","WEST PULLMAN"
"514","46","17031460100","SOUTH CHICAGO"
"515","46","17031460200","SOUTH CHICAGO"
"516","46","17031460500","SOUTH CHICAGO"
"517","46","17031460600","SOUTH CHICAGO"
"518","46","17031460700","SOUTH CHICAGO"
"519","24","17031241300","WEST TOWN"
"520","46","17031461000","SOUTH CHICAGO"
"521","68","17031681300","ENGLEWOOD"
"522","68","17031681400","ENGLEWOOD"
"523","6","17031060100","LAKE VIEW"
"524","69","17031690300","GREATER GRAND CROSSING"
"525","69","17031690400","GREATER GRAND CROSSING"
"526","69","17031690900","GREATER GRAND CROSSING"
"527","6","17031060200","LAKE VIEW"
"528","24","17031242100","WEST TOWN"
"529","24","17031243100","WEST TOWN"
"530","24","17031243200","WEST TOWN"
"531","61","17031611600","NEW CITY"
"532","24","17031243400","WEST TOWN"
"533","24","17031243500","WEST TOWN"
"534","71","17031711100","AUBURN GRESHAM"
"535","25","17031250200","AUSTIN"
"536","49","17031491000","ROSELAND"
"537","49","17031491100","ROSELAND"
"538","71","17031710100","AUBURN GRESHAM"
"539","51","17031510100","SOUTH DEERING"
"540","51","17031510200","SOUTH DEERING"
"541","71","17031710300","AUBURN GRESHAM"
"542","52","17031520200","EAST SIDE"
"543","71","17031710900","AUBURN GRESHAM"
"544","71","17031711000","AUBURN GRESHAM"
"545","71","17031711200","AUBURN GRESHAM"
"546","71","17031711400","AUBURN GRESHAM"
"547","8","17031081402","NEAR NORTH SIDE"
"548","71","17031710600","AUBURN GRESHAM"
"549","6","17031061902","LAKE VIEW"
"550","77","17031030200","EDGEWATER"
"551","77","17031030300","EDGEWATER"
"552","77","17031030400","EDGEWATER"
"553","77","17031030500","EDGEWATER"
"554","77","17031030800","EDGEWATER"
"555","24","17031242400","WEST TOWN"
"556","24","17031242500","WEST TOWN"
"557","24","17031242600","WEST TOWN"
"558","24","17031242700","WEST TOWN"
"559","24","17031242800","WEST TOWN"
"560","24","17031242900","WEST TOWN"
"561","24","17031243000","WEST TOWN"
"562","22","17031220400","LOGAN SQUARE"
"563","22","17031220500","LOGAN SQUARE"
"564","3","17031031800","UPTOWN"
"565","22","17031221000","LOGAN SQUARE"
"566","10","17031810400","NORWOOD PARK"
"567","3","17031031900","UPTOWN"
"568","52","17031520500","EAST SIDE"
"569","72","17031720500","BEVERLY"
"570","49","17031490300","ROSELAND"
"571","49","17031490400","ROSELAND"
"572","35","17031350100","DOUGLAS"
"573","35","17031351100","DOUGLAS"
"574","25","17031251200","AUSTIN"
"575","57","17031570100","ARCHER HEIGHTS"
"576","77","17031030900","EDGEWATER"
"577","25","17031250600","AUSTIN"
"578","56","17031560100","GARFIELD RIDGE"
"579","3","17031032100","UPTOWN"
"580","49","17031490500","ROSELAND"
"581","49","17031490600","ROSELAND"
"582","49","17031490700","ROSELAND"
"583","49","17031490800","ROSELAND"
"584","70","17031700200","ASHBURN"
"585","71","17031710200","AUBURN GRESHAM"
"586","71","17031710400","AUBURN GRESHAM"
"587","71","17031710500","AUBURN GRESHAM"
"588","71","17031710700","AUBURN GRESHAM"
"589","25","17031251000","AUSTIN"
"590","28","17031280400","NEAR WEST SIDE"
"591","32","17031320100","LOOP"
"592","58","17031580800","BRIGHTON PARK"
"593","35","17031351000","DOUGLAS"
"594","36","17031360200","OAKLAND"
"595","38","17031380100","GRAND BOULEVARD"
"596","23","17031231500","HUMBOLDT PARK"
"597","25","17031251100","AUSTIN"
"598","55","17031550200","HEGEWISCH"
"599","56","17031560800","GARFIELD RIDGE"
"600","56","17031560900","GARFIELD RIDGE"
"601","50","17031500300","PULLMAN"
"602","56","17031561000","GARFIELD RIDGE"
"603","56","17031561100","GARFIELD RIDGE"
"604","57","17031570200","ARCHER HEIGHTS"
"605","73","17031730400","WASHINGTON HEIGHTS"
"606","73","17031730500","WASHINGTON HEIGHTS"
"607","73","17031730600","WASHINGTON HEIGHTS"
"608","73","17031730700","WASHINGTON HEIGHTS"
"609","25","17031250300","AUSTIN"
"610","25","17031250400","AUSTIN"
"611","25","17031250500","AUSTIN"
"612","25","17031250700","AUSTIN"
"613","25","17031250800","AUSTIN"
"614","52","17031520300","EAST SIDE"
"615","52","17031520600","EAST SIDE"
"616","56","17031560200","GARFIELD RIDGE"
"617","56","17031560300","GARFIELD RIDGE"
"618","56","17031560700","GARFIELD RIDGE"
"619","71","17031711500","AUBURN GRESHAM"
"620","72","17031720600","BEVERLY"
"621","3","17031031000","UPTOWN"
"622","58","17031580300","BRIGHTON PARK"
"623","5","17031050500","NORTH CENTER"
"624","5","17031050800","NORTH CENTER"
"625","5","17031051000","NORTH CENTER"
"626","5","17031051400","NORTH CENTER"
"627","8","17031081900","NEAR NORTH SIDE"
"628","25","17031252000","AUSTIN"
"629","26","17031260300","WEST GARFIELD PARK"
"630","4","17031040300","LINCOLN SQUARE"
"631","4","17031040800","LINCOLN SQUARE"
"632","5","17031050100","NORTH CENTER"
"633","5","17031050200","NORTH CENTER"
"634","5","17031050300","NORTH CENTER"
"635","38","17031380200","GRAND BOULEVARD"
"636","60","17031600400","BRIDGEPORT"
"637","8","17031081500","NEAR NORTH SIDE"
"638","72","17031720100","BEVERLY"
"639","72","17031720200","BEVERLY"
"640","72","17031720300","BEVERLY"
"641","72","17031720700","BEVERLY"
"642","73","17031730100","WASHINGTON HEIGHTS"
"643","73","17031730300","WASHINGTON HEIGHTS"
"644","3","17031031100","UPTOWN"
"645","3","17031031200","UPTOWN"
"646","3","17031031300","UPTOWN"
"647","3","17031031400","UPTOWN"
"648","57","17031570500","ARCHER HEIGHTS"
"649","58","17031580100","BRIGHTON PARK"
"650","58","17031580200","BRIGHTON PARK"
"651","6","17031060300","LAKE VIEW"
"652","58","17031580400","BRIGHTON PARK"
"653","58","17031580600","BRIGHTON PARK"
"654","53","17031530300","WEST PULLMAN"
"655","5","17031051300","NORTH CENTER"
"656","50","17031500100","PULLMAN"
"657","5","17031050600","NORTH CENTER"
"658","5","17031050700","NORTH CENTER"
"659","5","17031050900","NORTH CENTER"
"660","5","17031051100","NORTH CENTER"
"661","8","17031081800","NEAR NORTH SIDE"
"662","9","17031090100","EDISON PARK"
"663","9","17031090200","EDISON PARK"
"664","9","17031090300","EDISON PARK"
"665","10","17031100100","NORWOOD PARK"
"666","26","17031260200","WEST GARFIELD PARK"
"667","10","17031100200","NORWOOD PARK"
"668","26","17031260100","WEST GARFIELD PARK"
"669","6","17031062400","LAKE VIEW"
"670","49","17031491300","ROSELAND"
"671","72","17031720400","BEVERLY"
"672","53","17031530400","WEST PULLMAN"
"673","6","17031063400","LAKE VIEW"
"674","75","17031750600","MORGAN PARK"
"675","4","17031040100","LINCOLN SQUARE"
"676","4","17031040600","LINCOLN SQUARE"
"677","4","17031040700","LINCOLN SQUARE"
"678","4","17031040900","LINCOLN SQUARE"
"679","76","17031980000","OHARE"
"680","8","17031081600","NEAR NORTH SIDE"
"681","8","17031081700","NEAR NORTH SIDE"
"682","25","17031251300","AUSTIN"
"683","25","17031251400","AUSTIN"
"684","25","17031251500","AUSTIN"
"685","25","17031251900","AUSTIN"
"686","26","17031260700","WEST GARFIELD PARK"
"687","60","17031600900","BRIDGEPORT"
"688","61","17031611200","NEW CITY"
"689","6","17031062800","LAKE VIEW"
"690","6","17031062900","LAKE VIEW"
"691","6","17031063000","LAKE VIEW"
"692","6","17031063100","LAKE VIEW"
"693","6","17031063200","LAKE VIEW"
"694","11","17031110200","JEFFERSON PARK"
"695","25","17031251600","AUSTIN"
"696","25","17031251700","AUSTIN"
"697","25","17031251800","AUSTIN"
"698","57","17031570300","ARCHER HEIGHTS"
"699","57","17031570400","ARCHER HEIGHTS"
"700","10","17031100600","NORWOOD PARK"
"701","6","17031062200","LAKE VIEW"
"702","10","17031100700","NORWOOD PARK"
"703","26","17031261000","WEST GARFIELD PARK"
"704","6","17031062600","LAKE VIEW"
"705","11","17031110100","JEFFERSON PARK"
"706","26","17031260900","WEST GARFIELD PARK"
"707","27","17031270500","EAST GARFIELD PARK"
"708","52","17031520100","EAST SIDE"
"709","61","17031611400","NEW CITY"
"710","61","17031610300","NEW CITY"
"711","61","17031610800","NEW CITY"
"712","61","17031611000","NEW CITY"
"713","6","17031062700","LAKE VIEW"
"714","12","17031120300","FOREST GLEN"
"715","27","17031271800","EAST GARFIELD PARK"
"716","52","17031520400","EAST SIDE"
"717","26","17031260500","WEST GARFIELD PARK"
"718","26","17031260600","WEST GARFIELD PARK"
"719","58","17031580700","BRIGHTON PARK"
"720","6","17031061200","LAKE VIEW"
"721","59","17031590500","MCKINLEY PARK"
"722","59","17031590600","MCKINLEY PARK"
"723","59","17031590700","MCKINLEY PARK"
"724","60","17031600600","BRIDGEPORT"
"725","60","17031600700","BRIDGEPORT"
"726","6","17031060400","LAKE VIEW"
"727","6","17031060500","LAKE VIEW"
"728","6","17031060900","LAKE VIEW"
"729","6","17031061000","LAKE VIEW"
"730","6","17031062000","LAKE VIEW"
"731","6","17031062100","LAKE VIEW"
"732","26","17031260400","WEST GARFIELD PARK"
"733","26","17031260800","WEST GARFIELD PARK"
"734","63","17031630800","GAGE PARK"
"735","10","17031100300","NORWOOD PARK"
"736","10","17031100400","NORWOOD PARK"
"737","10","17031100500","NORWOOD PARK"
"738","28","17031283100","NEAR WEST SIDE"
"739","27","17031271200","EAST GARFIELD PARK"
"740","61","17031610400","NEW CITY"
"741","61","17031611100","NEW CITY"
"742","61","17031611300","NEW CITY"
"743","6","17031062300","LAKE VIEW"
"744","6","17031062500","LAKE VIEW"
"745","7","17031070700","LINCOLN PARK"
"746","7","17031071100","LINCOLN PARK"
"747","7","17031071300","LINCOLN PARK"
"748","14","17031140200","ALBANY PARK"
"749","7","17031070600","LINCOLN PARK"
"750","12","17031120400","FOREST GLEN"
"751","13","17031130100","NORTH PARK"
"752","13","17031130200","NORTH PARK"
"753","14","17031140100","ALBANY PARK"
"754","28","17031283200","NEAR WEST SIDE"
"755","14","17031140400","ALBANY PARK"
"756","29","17031292400","NORTH LAWNDALE"
"757","28","17031282700","NEAR WEST SIDE"
"758","29","17031292500","NORTH LAWNDALE"
"759","30","17031300600","SOUTH LAWNDALE"
"760","30","17031300700","SOUTH LAWNDALE"
"761","28","17031282800","NEAR WEST SIDE"
"762","28","17031283800","NEAR WEST SIDE"
"763","29","17031290900","NORTH LAWNDALE"
"764","29","17031291600","NORTH LAWNDALE"
"765","63","17031630200","GAGE PARK"
"766","27","17031271300","EAST GARFIELD PARK"
"767","28","17031280900","NEAR WEST SIDE"
"768","61","17031611700","NEW CITY"
"769","61","17031612100","NEW CITY"
"770","7","17031070300","LINCOLN PARK"
"771","30","17031300500","SOUTH LAWNDALE"
"772","29","17031291200","NORTH LAWNDALE"
"773","62","17031620300","WEST ELSDON"
"774","62","17031620400","WEST ELSDON"
"775","63","17031630100","GAGE PARK"
"776","63","17031630300","GAGE PARK"
"777","63","17031630400","GAGE PARK"
"778","63","17031630500","GAGE PARK"
"779","11","17031110300","JEFFERSON PARK"
"780","11","17031110400","JEFFERSON PARK"
"781","28","17031280100","NEAR WEST SIDE"
"782","12","17031120100","FOREST GLEN"
"783","28","17031280800","NEAR WEST SIDE"
"784","12","17031120200","FOREST GLEN"
"785","27","17031271400","EAST GARFIELD PARK"
"786","7","17031071000","LINCOLN PARK"
"787","28","17031281900","NEAR WEST SIDE"
"788","55","17031550100","HEGEWISCH"
"789","7","17031071200","LINCOLN PARK"
"790","61","17031611500","NEW CITY"
"791","61","17031611800","NEW CITY"
"792","61","17031611900","NEW CITY"
"793","61","17031612000","NEW CITY"
"794","62","17031620100","WEST ELSDON"
"795","62","17031620200","WEST ELSDON"
"796","7","17031070200","LINCOLN PARK"
"797","7","17031070400","LINCOLN PARK"
"798","7","17031070500","LINCOLN PARK"
"799","13","17031130300","NORTH PARK"
"800","29","17031292200","NORTH LAWNDALE"
"801","63","17031630900","GAGE PARK"
